"test","outer","value_mean","value_sd"
"allrules_15good",1,-15.9057201,5.85556035682728
"allrules_15good",2,-10.3998425,4.76524065106002
"allrules_15good",3,-9.0707026,4.40860177959957
"allrules_15good",4,-8.2907986,3.94218086367359
"allrules_15good",5,-7.1591062,3.29359518272365
"allrules_15good",6,-6.1006858,2.98999022597796
"allrules_15good",7,-5.6530246,3.23199495944086
"allrules_15good",8,-5.3074947,3.47247591289776
"allrules_15good",9,-4.812787,3.26594089187327
"allrules_15good",10,-4.5213741,3.04762716418792
"allrules_15good",11,-4.2083127,3.18921590790844
"allrules_15good",12,-4.1838711,3.47139147478601
"allrules_15good",13,-3.7924346,3.6479547180541
"allrules_15good",14,-3.2418574,3.5525578863957
"allrules_15good",15,-2.9737998,3.5122731301023
"allrules_15good",16,-2.8526141,3.49351697230553
"allrules_15good",17,-2.5747586,3.35765164953603
"allrules_15good",18,-2.6394718,3.45197639312424
"allrules_15good",19,-2.3148267,3.13953487371886
"domlem",1,-57.1021182,34.3000298909132
"domlem",2,-33.2785151333333,26.6138555911289
"domlem",3,-26.7333599333333,19.7127168432325
"domlem",4,-22.5676494,16.4927819760700
"domlem",5,-20.9630547333333,15.8742993222984
"domlem",6,-19.5619251333333,14.9225028920787
"domlem",7,-18.3127061333333,14.4011699088116
"domlem",8,-18.0539160666667,14.2814042703442
"domlem",9,-17.0910692666667,14.1168254297509
"domlem",10,-16.4502900666667,13.8024873449515
"domlem",11,-16.0269632666667,13.3887870646373
"domlem",12,-15.5901926666667,13.2104681898574
"domlem",13,-15.1109132,13.2183288445994
"domlem",14,-14.9062914666667,13.2036142397357
"domlem",15,-14.547313,13.1566542381405
"domlem",16,-14.2327666,12.7150319411074
"domlem",17,-13.6977456666667,12.2118732640765
"domlem",18,-13.0506948666667,11.2681470954774
"domlem",19,-12.5685863333333,10.1798567362726
