"test","outer","value_mean","value_sd"
"domlem_conf08_15",1,-117.666970571429,8.00418008336108
"domlem_conf08_15",2,-116.525107714286,7.36054255372534
"domlem_conf08_15",3,-109.906189428571,10.0138880351173
"domlem_conf08_15",4,-108.711705285714,7.37315102932721
"domlem_conf08_15",5,-108.778742714286,7.32517399108146
"domlem_conf08_15",6,-108.778742714286,7.32517399108146
"domlem_conf08_15",7,-109.835095714286,8.29980406893353
"domlem_conf08_15",8,-108.838181571429,7.35528837794164
"domlem_conf08_15",9,-108.532529714286,7.28775708184896
"domlem_conf08_15",10,-108.532529714286,7.28775708184896
"domlem_conf08_15",11,-108.379979857143,7.08344336873392
"domlem_conf08_15",12,-108.379979857143,7.08344336873392
"domlem_conf08_15",13,-108.265330142857,6.94052674239128
"domlem_conf08_15",14,-106.419321,8.29768437925244
"domlem_conf08_15",15,-106.419321,8.29768437925244
"domlem_conf08_15",16,-106.419321,8.29768437925244
"domlem_conf08_15",17,-106.419321,8.29768437925244
"domlem_conf08_15",18,-106.419321,8.29768437925244
"domlem_conf08_15",19,-105.544273285714,8.65263615181839
"supp",1,-120.277249333333,8.03998852628177
"supp",2,-115.978808533333,5.89589078555291
"supp",3,-114.9282388,5.78779955415588
"supp",4,-112.545037066667,4.80289742390618
"supp",5,-111.353903266667,5.1849444454495
"supp",6,-110.972644066667,4.9181879124358
"supp",7,-109.698367133333,3.74911645973819
"supp",8,-109.4611734,3.74292061550255
"supp",9,-109.3742536,3.89364082868104
"supp",10,-109.002371266667,3.84568970197638
"supp",11,-108.8015726,4.10144061036279
"supp",12,-108.721135266667,4.11932400620113
"supp",13,-108.5149614,3.89198823845738
"supp",14,-107.814051666667,3.34319925879294
"supp",15,-106.399801,3.46050449988250
"supp",16,-105.8915002,3.29018809901527
"supp",17,-105.8915002,3.29018809901527
"supp",18,-104.8832882,3.6959006361892
"supp",19,-103.5687726,3.67318350699432
