"test","outer","value_mean","value_sd"
"allrules_15good",1,-15.9057201,5.85556035682728
"allrules_15good",2,-10.3998425,4.76524065106002
"allrules_15good",3,-9.0707026,4.40860177959957
"allrules_15good",4,-8.2907986,3.94218086367359
"allrules_15good",5,-7.1591062,3.29359518272365
"allrules_15good",6,-6.1006858,2.98999022597796
"allrules_15good",7,-5.6530246,3.23199495944086
"allrules_15good",8,-5.3074947,3.47247591289776
"allrules_15good",9,-4.812787,3.26594089187327
"allrules_15good",10,-4.5213741,3.04762716418792
"allrules_15good",11,-4.2083127,3.18921590790844
"allrules_15good",12,-4.1838711,3.47139147478601
"allrules_15good",13,-3.7924346,3.6479547180541
"allrules_15good",14,-3.2418574,3.5525578863957
"allrules_15good",15,-2.9737998,3.5122731301023
"allrules_15good",16,-2.8526141,3.49351697230553
"allrules_15good",17,-2.5747586,3.35765164953603
"allrules_15good",18,-2.6394718,3.45197639312424
"allrules_15good",19,-2.3148267,3.13953487371886
"supp",1,-18.3391432,9.81630992460627
"supp",2,-13.2356894,8.62451434304988
"supp",3,-11.9409797333333,8.74165521317189
"supp",4,-10.7914942666667,8.53459852485812
"supp",5,-9.85846946666667,8.32932733367052
"supp",6,-9.5595594,8.47032379963482
"supp",7,-9.24523973333333,8.55261749271025
"supp",8,-8.82877486666667,8.49093290875951
"supp",9,-8.74431193333333,8.50054992570924
"supp",10,-8.23321313333333,8.3812819264678
"supp",11,-8.11753946666667,8.3755305058822
"supp",12,-7.759438,8.3202477239416
"supp",13,-7.62400586666667,8.40398627080045
"supp",14,-7.30584506666667,8.41662684644007
"supp",15,-7.13184326666667,8.26003864613073
"supp",16,-7.02362386666667,8.20063412949035
"supp",17,-6.88476433333333,8.09037515287826
"supp",18,-6.8254398,8.11978448413779
"supp",19,-6.7802564,8.09374617961905
