"test","outer","value_mean","value_sd"
"all_rules",1,-119.373450866667,6.9918355661335
"all_rules",2,-117.141713533333,5.0452214869172
"all_rules",3,-115.273058933333,5.24846955878664
"all_rules",4,-115.129816,4.95813725353326
"all_rules",5,-115.302278133333,4.98207266880525
"all_rules",6,-114.302776133333,4.59173350708278
"all_rules",7,-112.795282733333,4.97087947142685
"all_rules",8,-112.1998846,4.33237791290555
"all_rules",9,-111.968973666667,4.81531119339011
"all_rules",10,-111.7971914,3.68148570499871
"all_rules",11,-111.7971914,3.68148570499871
"all_rules",12,-111.640573733333,3.72557193353445
"all_rules",13,-111.475479333333,3.62930966412474
"all_rules",14,-110.576085133333,4.24055544206777
"all_rules",15,-110.576085133333,4.24055544206777
"all_rules",16,-111.0328792,3.52983652433835
"all_rules",17,-110.867279,3.71614141079104
"all_rules",18,-108.70886,5.15400086366604
"all_rules",19,-108.701504733333,5.13136562016598
"allrules_15good",1,-118.227525,9.6586432129846
"allrules_15good",2,-116.8741347,8.11835611779488
"allrules_15good",3,-113.3039717,8.15187581968422
"allrules_15good",4,-112.0619145,7.67984638957423
"allrules_15good",5,-112.4068513,7.96026685698617
"allrules_15good",6,-111.3962586,7.32790621393356
"allrules_15good",7,-111.0229456,7.8135663196958
"allrules_15good",8,-110.068113,7.83682308066784
"allrules_15good",9,-110.068113,7.83682308066784
"allrules_15good",10,-110.068113,7.83682308066784
"allrules_15good",11,-111.3016051,6.29679725458888
"allrules_15good",12,-111.3102551,6.30931340347376
"allrules_15good",13,-111.3102551,6.30931340347376
"allrules_15good",14,-111.3102551,6.30931340347376
"allrules_15good",15,-111.1969593,6.19616036980684
"allrules_15good",16,-110.6888606,5.61553378491534
"allrules_15good",17,-109.6202012,7.45982738708891
"allrules_15good",18,-109.6202012,7.45982738708891
"allrules_15good",19,-109.3645661,7.36688903267396
